/*
Navicat MySQL Data Transfer

Source Server         : mysql-此电脑
Source Server Version : 50722
Source Host           : 127.0.0.1:3306
Source Database       : micro-req

Target Server Type    : MYSQL
Target Server Version : 50722
File Encoding         : 65001

Date: 2019-08-20 09:53:16
*/

SET FOREIGN_KEY_CHECKS=0;

-- ----------------------------
-- Table structure for demo
-- ----------------------------
DROP TABLE IF EXISTS `demo`;
CREATE TABLE `demo` (
  `id` bigint(20) NOT NULL,
  `age` varchar(255) DEFAULT NULL,
  `name` varchar(255) DEFAULT NULL,
  PRIMARY KEY (`id`)
) ENGINE=MyISAM DEFAULT CHARSET=utf8;

-- ----------------------------
-- Records of demo
-- ----------------------------

-- ----------------------------
-- Table structure for r_comment
-- ----------------------------
DROP TABLE IF EXISTS `r_comment`;
CREATE TABLE `r_comment` (
  `id` bigint(20) NOT NULL AUTO_INCREMENT,
  `info_id` bigint(20) DEFAULT NULL,
  `user_id` bigint(20) DEFAULT NULL,
  `comm_detail` blob,
  `create_date` datetime DEFAULT NULL,
  PRIMARY KEY (`id`)
) ENGINE=InnoDB AUTO_INCREMENT=23 DEFAULT CHARSET=utf8;

-- ----------------------------
-- Records of r_comment
-- ----------------------------
INSERT INTO `r_comment` VALUES ('2', '16', '3', 0x3C64697620636C6173733D27636F6D6D27203132336173642A265E255E263EE8AF84E8AEBAE58685E5AEB9, '2019-03-30 20:59:00');
INSERT INTO `r_comment` VALUES ('3', '16', '2', 0xE8BF99E4B8AAE4B88DE99499EFBC813C7374726F6E672027636C61273E, '2019-04-08 13:38:21');
INSERT INTO `r_comment` VALUES ('5', '3', '2', 0xE59388E59388E59388616161, '2019-04-13 13:20:52');
INSERT INTO `r_comment` VALUES ('6', '37', '2', 0x3C703EE683B3E8AFB4E4BA9BE4BB80E4B9883C2F703E3C703E3C62723E3C2F703E, '2019-04-13 16:30:33');
INSERT INTO `r_comment` VALUES ('7', '37', '2', 0x3C703EE683B3E8AFB4E4BA9BE4BB80E4B9883C2F703E3C703E3C62723E3C2F703E, '2019-04-13 16:32:00');
INSERT INTO `r_comment` VALUES ('8', '36', '2', 0x3C702069643D27273EE8AF84E8AEBA3C2F703E, '2019-04-13 21:19:35');
INSERT INTO `r_comment` VALUES ('11', '38', '2', 0xE59388E59388, '2019-04-14 13:08:09');
INSERT INTO `r_comment` VALUES ('14', '38', '2', 0xE58E89E5AEB3E4BA86, '2019-04-14 13:28:37');
INSERT INTO `r_comment` VALUES ('15', '38', '2', 0x6869206869, '2019-04-14 13:43:55');
INSERT INTO `r_comment` VALUES ('17', '1', '2', 0x31323233, '2019-04-15 13:13:49');
INSERT INTO `r_comment` VALUES ('18', '32', '5', 0x303030, '2019-04-20 13:43:58');
INSERT INTO `r_comment` VALUES ('19', '37', '1', 0xE8AF84E8AEBAE4B880E4B88B, '2019-05-17 09:26:09');
INSERT INTO `r_comment` VALUES ('20', '45', '1', 0x313233, '2019-06-11 21:03:46');
INSERT INTO `r_comment` VALUES ('21', '45', '1', 0xE58FAFE4BBA5E88194E7B3BBE4BDA0E59097EFBC9F, '2019-06-12 14:50:07');
INSERT INTO `r_comment` VALUES ('22', '45', '1', 0xE5958AE5958AE5958A, '2019-06-12 15:09:07');

-- ----------------------------
-- Table structure for r_info
-- ----------------------------
DROP TABLE IF EXISTS `r_info`;
CREATE TABLE `r_info` (
  `id` bigint(20) NOT NULL AUTO_INCREMENT,
  `info_title` varchar(255) DEFAULT NULL,
  `info_detail` blob,
  `location_x` double DEFAULT NULL,
  `location_y` double DEFAULT NULL,
  `type_id` bigint(20) DEFAULT NULL,
  `create_date` datetime DEFAULT NULL,
  `is_single` int(11) DEFAULT NULL COMMENT '0:不是一次性订阅，1：是一次性订阅',
  `user_id` bigint(20) DEFAULT NULL,
  PRIMARY KEY (`id`)
) ENGINE=InnoDB AUTO_INCREMENT=48 DEFAULT CHARSET=utf8;

-- ----------------------------
-- Records of r_info
-- ----------------------------
INSERT INTO `r_info` VALUES ('1', '借一把雨伞', 0x3C64697620636C6173733D276C617975692D626F647927207374796C653D276261636B67726F756E642D636F6C6F723A234632463246323B626F74746F6D3A30273EE696B0E5909BE8B68AE4B88AE5B882E3803F303139E694B9E6ACBE, '113.522692', '34.81091', '1', '2019-03-25 12:12:56', '1', '2');
INSERT INTO `r_info` VALUES ('2', '外出旅游、请求宠物寄养1', 0xE696B0E5A5A5E8BFAA61346CE594AEE4BBB73C64697620636C6173733D277374726F6E67273E33303C2F6469763EE4B887E8B5B7, '113.54714', '34.8109815', '1', '2019-03-26 12:31:26', '1', '3');
INSERT INTO `r_info` VALUES ('3', '河南正宗烩面1', 0xE696B0E5A5A5E8BFAA61346CE594AEE4BBB73C64697620636C6173733D277374726F6E67273E33303C2F6469763EE4B887E8B5B7, '113.54714', '34.81091', '3', '2019-03-26 12:31:24', '0', '4');
INSERT INTO `r_info` VALUES ('4', '迷宫乐园开业！', 0x3C64697620636C6173733D276C617975692D626F647927207374796C653D276261636B67726F756E642D636F6C6F723A234632463246323B626F74746F6D3A30273EE696B0E5909BE8B68AE4B88AE5B882E3803F303139E694B9E6ACBE, '113.522622', '34.810992', '2', '2019-03-25 12:12:57', '0', '5');
INSERT INTO `r_info` VALUES ('5', '退休教师、可任家教', 0xE696B0E5A5A5E8BFAA61346CE594AEE4BBB73C64697620636C6173733D277374726F6E67273E33303C2F6469763EE4B887E8B5B7, '113.5489', '34.8109815', '4', '2019-03-25 12:12:57', '1', '6');
INSERT INTO `r_info` VALUES ('6', '拼车去上海', 0xE696B0E5A5A5E8BFAA61346CE594AEE4BBB73C64697620636C6173733D277374726F6E67273E33303C2F6469763EE4B887E8B5B7, '113.53189', '34.8109209', '4', '2019-03-25 12:12:57', '1', '7');
INSERT INTO `r_info` VALUES ('16', '别克君越2019', 0x3C64697620636C6173733D276C617975692D626F647927207374796C653D276261636B67726F756E642D636F6C6F723A234632463246323B626F74746F6D3A30273EE696B0E5909BE8B68AE4B88AE5B882E3808232303139E694B9E6ACBE, '113.12345', '30.321', '1', '2019-03-30 17:26:00', '0', '3');
INSERT INTO `r_info` VALUES ('21', '奥迪a4l2019款', 0xE696B0E5A5A5E8BFAA61346CE594AEE4BBB73C64697620636C6173733D277374726F6E67273E33303C2F6469763EE4B887E8B5B7, '113.522692', '34.81091', '1', '2019-04-01 16:34:13', '0', '3');
INSERT INTO `r_info` VALUES ('22', '奥迪a4l2019款', 0xE696B0E5A5A5E8BFAA61346CE594AEE4BBB73C64697620636C6173733D277374726F6E67273E33303C2F6469763EE4B887E8B5B7, '113.54714', '34.8109815', '1', '2019-04-01 16:36:33', '0', '3');
INSERT INTO `r_info` VALUES ('23', '奥迪a4l2019款', 0xE696B0E5A5A5E8BFAA61346CE594AEE4BBB73C64697620636C6173733D277374726F6E67273E33303C2F6469763EE4B887E8B5B7, '113.54714', '34.81091', '1', '2019-04-01 16:38:19', '0', '3');
INSERT INTO `r_info` VALUES ('25', '奥迪a4l2019款', 0xE696B0E5A5A5E8BFAA61346CE594AEE4BBB73C64697620636C6173733D277374726F6E67273E33303C2F6469763EE4B887E8B5B7, '113.522622', '34.810992', '1', '2019-04-01 16:38:19', '0', '3');
INSERT INTO `r_info` VALUES ('26', '奥迪a4l2019款', 0xE696B0E5A5A5E8BFAA61346CE594AEE4BBB73C64697620636C6173733D277374726F6E67273E33303C2F6469763EE4B887E8B5B7, '113.5489', '34.8109815', '1', '2019-04-01 16:38:19', '0', '3');
INSERT INTO `r_info` VALUES ('30', '测试数据', 0x3C6831207374796C653D22746578742D616C69676E3A2063656E7465723B223EE6A087E9A2983C2F68313E3C703EE8BF99E698AFE6B58BE8AF953C7370616E207374796C653D22666F6E742D7765696768743A20626F6C643B223EE695B0E68DAE3C7370616E207374796C653D22746578742D6465636F726174696F6E2D6C696E653A206C696E652D7468726F7567683B223E3C2F7370616E3E3C2F7370616E3E3C2F703E3C703E3C7370616E207374796C653D22746578742D6465636F726174696F6E2D6C696E653A206C696E652D7468726F7567683B223EE998BFE4B889E5A4A7E88B8FE68993E5AE9EE68993E5AE9EE79A84E5B8A6E4B8ADE58892E7BABFE79A843C2F7370616E3E3C2F703E3C703E3C696D67207372633D22687474703A2F2F682E686970686F746F732E62616964752E636F6D2F696D6167652F682533443330302F7369676E3D35373562333664373064336235626235613164373236666530366432643532332F613665666365316239643136666466616430336566313932626138663863353439346565376237662E6A706722207374796C653D226D61782D77696474683A313030253B223E3C7370616E207374796C653D22746578742D6465636F726174696F6E2D6C696E653A206C696E652D7468726F7567683B223E3C62723E3C2F7370616E3E3C2F703E, '113.509997', '34.810408', '1', '2019-04-10 19:14:07', '0', '2');
INSERT INTO `r_info` VALUES ('31', '2019别克君越上市-详细介绍', 0x3C6832207374796C653D22746578742D616C69676E3A2063656E7465723B223E32303139E588ABE5858BE5909BE8B68AE4B88AE5B8823C2F68323E3C646976206C6162656C2D6D6F64756C653D2270617261223EE5909BE8B68AEFBC884C6163726F737365EFBC89E698AF3C61207461726765743D225F626C616E6B2220687265663D2268747470733A2F2F6261696B652E62616964752E636F6D2F6974656D2F2545342542382538412545362542352542372545392538302539412545372539342541382F32373534373732223EE4B88AE6B5B7E9809AE794A83C2F613EE59CA832303036E5B9B432E69C883232E697A5E68EA8E587BAE79A84E4B880E6ACBEE585A8E696B0E4B8ADE9AB98E6A1A3E8BDBFE8BDA6EFBC8CE5AE83E79A84E5AE9AE4BD8DE698AFE59CA83C61207461726765743D225F626C616E6B2220687265663D2268747470733A2F2F6261696B652E62616964752E636F6D2F6974656D2F2545352539302539422545352541382538312F35303431333730223EE5909BE5A8813C2F613EE5928C3C61207461726765743D225F626C616E6B2220687265663D2268747470733A2F2F6261696B652E62616964752E636F6D2F6974656D2F2545382538442541332545352542452541312F35303431333531223EE88DA3E5BEA13C2F613EE4B98BE997B4EFBC8CE4B8BBE8A681E7AB9EE4BA89E5AFB9E6898BE4B8BA3C61207461726765743D225F626C616E6B2220687265663D2268747470733A2F2F6261696B652E62616964752E636F6D2F6974656D2F2545352541342541392545372542312538312F32383038223EE5A4A9E7B1813C2F613EE380813C61207461726765743D225F626C616E6B2220687265663D2268747470733A2F2F6261696B652E62616964752E636F6D2F6974656D2F2545392539422538352545392539382538312F38353935353636223EE99B85E998813C2F613EE7AD89E38082E4B88AE6B5B7E9809AE794A8E68EA8E587BAE5909BE8B68AE79A84E79BAEE79A84E698AFE4B8BAE4BA86E58F96E4BBA3E5909BE5A881E79A84E4BD8DE7BDAEEFBC8CE58DA0E68DAEE59BBDE58685E4B8ADE9AB98E6A1A3E8BDA6E5B882E59CBAE79A84E9878DE8A681E4B880E5B8ADE380823C2F6469763E3C646976206C6162656C2D6D6F64756C653D2270617261223EE4B88AE6B5B7E9809AE794A83C61207461726765743D225F626C616E6B2220687265663D2268747470733A2F2F6261696B652E62616964752E636F6D2F6974656D2F254535253838254142254535253835253842223EE588ABE5858B3C2F613E4C6143524F535345E5909BE8B68AEFBC8CE99B86E9809AE794A8E585A8E79083E5908CE6ADA5E79A84E58588E8BF9BE5B9B3E58FB0E38081E59BBDE58685E5A496E4BC98E58ABFE8B584E6BA90E5928CE887AAE4B8BBE7A094E58F91E4BA8EE4B880E8BAABEFBC8CE690BAE5898DE6B2BFE7A791E68A80E79A84E9A286E58588E58AA8E58A9BE5928CE4B880E6B581E79A84E5AE89E585A8E68A80E69CAFE4B8BAE682A8E5889BE980A0E7BAB5E6A8AAE9A9B0E9AA8BE79A84E9A9BEE9A9ADE5BFABE6849FEFBC8CE8B1AAE58D8EE9858DE5A487E4B88EE88083E7A9B6E5B7A5E889BAE68F90E4BE9BE88892E98082E5A5A2E58D8EE79A84E69E81E59381E4B998E59D90E4BD93E9AA8CE38082E5909BE8B68A3C7375703E266E6273703B5B315D3C2F7375703E3C61206E616D653D227265665F5B315D5F343432333838223E266E6273703B3C2F613E266E6273703BE698AFE7BAAFE6ADA3E79A84E7BE8EE59BBDE8BDA6EFBC8CE585B6E7BE8EE59BBDE58E9FE59E8BE8BDA6E4B8BAE9809AE794A83C61207461726765743D225F626C616E6B2220687265663D2268747470733A2F2F6261696B652E62616964752E636F6D2F6974656D2F2545352538382541422545352538352538424C6143726F737365223EE588ABE5858B4C6143726F7373653C2F613EE38082E8AFA5E8BDA6E59CA8E7BE8EE59BBDE698AFE58F96E4BBA3E2809CE4B896E7BAAAE2809DE5928CE2809CE5909BE5A881E2809DE79A84E8BDA6E59E8BE380824C6143726F737365E5928C3C61207461726765743D225F626C616E6B2220687265663D2268747470733A2F2F6261696B652E62616964752E636F6D2F6974656D2F2545352542412539452545382539322538322545352538352538422F323831333831223EE5BA9EE89282E5858B3C2F613E4772616E6450726978EFBC8CE99BAAE4BD9BE585B0E9BB91E7BE9AE7BE8AE4BBA5E58F8A3C61207461726765743D225F626C616E6B2220687265663D2268747470733A2F2F6261696B652E62616964752E636F6D2F6974656D2F254538253932253939254537253839254239254535253844254131254537254244253937223EE89299E789B9E58DA1E7BD973C2F613EE585B1E794A8E4B880E6ACBE57E5B9B3E58FB0E79A84E5BA95E79B98EFBC8CE8BF99E6ACBEE8BDA6E59CA8E8AEBEE8AEA1E8BF87E7A88BE4B8ADE7BE8EE59BBDE9809AE794A8E5B9B6E6B2A1E69C89E88AB1E5A4AAE5A49AE79A84E5BF83E8A180EFBC8CE6B2A1E69C89E88097E8B4B9E5A4AAE5A49AE79A84E4BABAE58A9BE789A9E58A9BE38082E59BA0E4B8BAE59CA8E58C97E7BE8EEFBC8CE5AE83E68980E59CA8E79A84E7BB86E58886E5B882E59CBAE5B7B2E7BB8FE8A2ABE5858BE88EB1E696AFE58B92E79A8433303043E5928CE585B6E5AE83E697A5E7B3BBE8BDA6E68980E58DA0E68DAEEFBC8CE9809AE794A8E68EA8E587BA4C6143726F737365E79A84E79BAEE79A84E698AFE4B8BAE4BA86E6BBA1E8B6B3E982A3E4BA9BE5969CE6ACA2E2809CE5AEBDE6959EE79A84E8BDA6E888B1E38081E88892E98082E79A84E9A9BEE9A9B6E38081E58FAFE4BBA5E689BFE58F97E79A84E4BBB7E6A0BCE5928CE4B880E4B8AAE7BE8EE59BBDE79A84E59381E7898CE2809DE79A84E4BCA0E7BB9FE7BE8EE59BBDE6B688E8B4B9E88085E380823C2F6469763E3C703EE5A496E8A782E59BBEEFBC9A3C2F703E3C703E3C696D67207372633D22687474703A2F2F696D67312E6269746175746F696D672E636F6D2F6175746F616C62756D2F66696C65732F32303139303332362F3635362F3230313930333236313734303237343032373130393235355F363538343035365F342E6A706722207374796C653D226D61782D77696474683A313030253B223E3C62723E3C2F703E3C703EE58685E9A5B0E59BBEEFBC9A3C2F703E3C703E3C696D67207372633D22687474703A2F2F696D67332E6269746175746F696D672E636F6D2F6175746F616C62756D2F66696C65732F32303139303332362F3032332F32303139303332363137353934393539343932313235315F363538343135305F342E6A706722207374796C653D226D61782D77696474683A313030253B223E3C62723E3C2F703E, '113.549004', '34.771096', '2', '2019-04-10 19:23:31', '0', '2');
INSERT INTO `r_info` VALUES ('32', '泡泡堂', 0x3C703E3C696D67207372633D22687474703A2F2F696D672E742E73696E616A732E636E2F74342F6170707374796C652F65787072657373696F6E2F6578742F6E6F726D616C2F35302F70636D6F72656E5F687561697869616F5F6F72672E706E672220616C743D225BE59D8FE7AC915D2220646174612D772D653D2231223EE6B3A1E6B3A1E5A082E6B3A1E6B3A1E5A082E6B3A1E6B3A1E5A082E6B3A1E6B3A1E5A0823C62723E3C2F703E3C703E3C696D67207372633D22687474703A2F2F696D672E742E73696E616A732E636E2F74342F6170707374796C652F65787072657373696F6E2F6578742F6E6F726D616C2F35302F70636D6F72656E5F687561697869616F5F6F72672E706E672220616C743D225BE59D8FE7AC915D223EE6B3A1E6B3A1E5A082E6B3A1E6B3A1E5A082E6B3A1E6B3A1E5A082E6B3A1E6B3A1E5A082266E6273703B3C2F703E3C703E3C696D67207372633D22687474703A2F2F696D672E742E73696E616A732E636E2F74342F6170707374796C652F65787072657373696F6E2F6578742F6E6F726D616C2F35302F70636D6F72656E5F687561697869616F5F6F72672E706E672220616C743D225BE59D8FE7AC915D223EE6B3A1E6B3A1E5A082E6B3A1E6B3A1E5A082E6B3A1E6B3A1E5A082E6B3A1E6B3A1E5A0823C2F703E3C703E3C696D67207372633D22687474703A2F2F696D672E742E73696E616A732E636E2F74342F6170707374796C652F65787072657373696F6E2F6578742F6E6F726D616C2F35302F70636D6F72656E5F687561697869616F5F6F72672E706E672220616C743D225BE59D8FE7AC915D223EE6B3A1E6B3A1E5A082E6B3A1E6B3A1E5A082E6B3A1E6B3A1E5A082E6B3A1E6B3A1E5A0823C2F703E3C703E3C696D67207372633D22687474703A2F2F696D672E742E73696E616A732E636E2F74342F6170707374796C652F65787072657373696F6E2F6578742F6E6F726D616C2F35302F70636D6F72656E5F687561697869616F5F6F72672E706E672220616C743D225BE59D8FE7AC915D223EE6B3A1E6B3A1E5A082E6B3A1E6B3A1E5A082E6B3A1E6B3A1E5A082E6B3A1E6B3A1E5A0823C2F703E3C703E3C62723E3C2F703E3C703E3C696D67207372633D22687474703A2F2F696D672E742E73696E616A732E636E2F74342F6170707374796C652F65787072657373696F6E2F6578742F6E6F726D616C2F35302F70636D6F72656E5F687561697869616F5F6F72672E706E672220616C743D225BE59D8FE7AC915D223EE6B3A1E6B3A1E5A082E6B3A1E6B3A1E5A082E6B3A1E6B3A1E5A082E6B3A1E6B3A1E5A082266E6273703B3C62723E3C2F703E, '113.604622', '34.764327', '1', '2019-04-10 19:29:53', '0', '2');
INSERT INTO `r_info` VALUES ('35', '借一本英语书', 0x3C703EE59BA0E69C89E680A5E4BA8BEFBC8CE68980E4BBA5E683B3E4B8B4E697B6E5809FE4B880E69CACE4B9A6EFBC8CE794A8E5908EE5BD92E8BF98E380823C62723E3C2F703E3C703EE6898BE69CBAE58FB7E7A081EFBC9A313332787878787878783C2F703E3C703EE59CB0E59D80EFBC9AE6B2B3E58D975858585858583C2F703E3C703EE69CACE4BABAE5A793E5908DEFBC9AE5BCA0E4B8893C2F703E, '113.509286', '34.81226', '1', '2019-04-12 15:36:12', '0', '2');
INSERT INTO `r_info` VALUES ('36', '这是一条测试数据', 0x3C703EE68891E59CA8E6B58BE8AF953C2F703E3C703EE6B58BE8AF95E8BF99E4B8AAE4BFA1E681AF3C2F703E3C703EE59CB0E59D80EFBC9AE98391E5B79EE4B8ADE5ADA63C2F703E, '113.568913', '34.798331', '1', '2019-04-12 15:37:57', '0', '2');
INSERT INTO `r_info` VALUES ('37', '格式化文章', 0x3C6831207374796C653D22746578742D616C69676E3A2063656E7465723B223E3C7370616E207374796C653D22636F6C6F723A20726762283139342C2037392C203734293B20666F6E742D7765696768743A20626F6C643B223EE7ACACE4B880E6AEB5E380813C2F7370616E3E3C2F68313E3C6469763E3C7370616E207374796C653D22636F6C6F723A20726762283139342C2037392C203734293B20666F6E742D7765696768743A20626F6C643B223EE7ACACE4BA8CE6AEB5EFBC8CE8BF99E698AFE7BAA2E889B2E5AD97E4BD933C2F7370616E3E3C2F6469763E3C6469763E3C7370616E207374796C653D22666F6E742D7765696768743A20626F6C643B20636F6C6F723A207267622837372C203132382C20313931293B223EE8BF99E698AFE8939DE889B23C2F7370616E3E3C2F6469763E, '113.628108', '34.773352', '1', '2019-04-12 15:44:11', '0', '2');
INSERT INTO `r_info` VALUES ('38', '星巴克', 0x3C646976206C6162656C2D6D6F64756C653D2270617261223EE6989FE5B7B4E5858BEFBC883C61207461726765743D225F626C616E6B2220687265663D2268747470733A2F2F6261696B652E62616964752E636F6D2F6974656D2F537461726275636B73223E537461726275636B733C2F613EEFBC89E698AFE7BE8EE59BBDE4B880E5AEB6E8BF9EE99481E59296E595A1E585ACE58FB8E79A84E5908DE7A7B0EFBC8C31393731E5B9B4E68890E7AB8BEFBC8CE698AFE585A8E79083E69C80E5A4A7E79A84E59296E595A1E8BF9EE99481E5BA97EFBC8CE585B6E680BBE983A8E59D90E890BDE7BE8EE59BBD3C61207461726765743D225F626C616E6B2220687265663D2268747470733A2F2F6261696B652E62616964752E636F6D2F6974656D2F254535253844253845254537253942253942254539254131254246254535254237253945223EE58D8EE79B9BE9A1BFE5B79E3C2F613E3C61207461726765743D225F626C616E6B2220687265663D2268747470733A2F2F6261696B652E62616964752E636F6D2F6974656D2F2545382541352542462545392539422538352545352539422542452F343733363834223EE8A5BFE99B85E59BBE3C2F613EE5B882E38082E6989FE5B7B4E5858BE69797E4B88BE99BB6E594AEE4BAA7E59381E58C85E68BAC3330E5A49AE6ACBEE585A8E79083E9A1B6E7BAA7E79A843C61207461726765743D225F626C616E6B2220687265663D2268747470733A2F2F6261696B652E62616964752E636F6D2F6974656D2F2545352539322539362545352539352541312545382542312538362F3133353739343235223EE59296E595A1E8B1863C2F613EE38081E6898BE5B7A5E588B6E4BD9CE79A84E6B593E7BCA9E59296E595A1E5928CE5A49AE6ACBEE59296E595A1E586B7E783ADE9A5AEE69699E38081E696B0E9B29CE7BE8EE591B3E79A84E59084E5BC8FE7B395E782B9E9A39FE59381E4BBA5E58F8AE4B8B0E5AF8CE5A49AE6A0B7E79A84E59296E595A1E69CBAE38081E59296E595A1E69DAFE7AD89E59586E59381E38082E6989FE5B7B4E5858BE59CA8E585A8E79083E88C83E59BB4E58685E5B7B2E7BB8FE69C89E8BF913231333030E997B4E58886E5BA97E9818DE5B883E58C97E7BE8EE38081E58D97E7BE8EE6B4B2E38081E6ACA7E6B4B2E38081E4B8ADE4B89CE58F8AE5A4AAE5B9B3E6B48BE58CBAE3808232303132E5B9B433E69C88EFBC8CE6989FE5B7B4E5858BE59CA8E7BE8EE59BBDE79A84E4B8A4E6ACBEE7949CE782B9E8A2ABE69B9DE794A83C61207461726765743D225F626C616E6B2220687265663D2268747470733A2F2F6261696B652E62616964752E636F6D2F6974656D2F254538253833254144254538253834253832254538253939254142223EE883ADE88482E899AB3C2F613EE5BD933C61207461726765743D225F626C616E6B2220687265663D2268747470733A2F2F6261696B652E62616964752E636F6D2F6974656D2F254537253944253830254538253839254232254535253839253832223EE79D80E889B2E589823C2F613EEFBC8CE4B893E5AEB6E7A7B0E4BBA43C61207461726765743D225F626C616E6B2220687265663D2268747470733A2F2F6261696B652E62616964752E636F6D2F6974656D2F254535253933254145254535253936253938223EE593AEE596983C2F613EE88085E8BF87E6958FE3808232303132E5B9B434E69C88EFBC8CE6989FE5B7B4E5858BE8A1A8E7A4BAE5819CE794A8E8AFA5E79D80E889B2E58982E380823C2F6469763E3C70207374796C653D22746578742D616C69676E3A2063656E7465723B223E3C696D67207372633D2268747470733A2F2F677373312E62647374617469632E636F6D2F2D766F33645361675F7849346B68476B706F574B314846366868792F6261696B652F7725334432363825334267253344302F7369676E3D62643636306137393038336235626235626564373237663830656538623230342F623766643532363664303136303932343365346161396339646630373335666165376364333466302E6A706722207374796C653D226D61782D77696474683A313030253B223E3C62723E3C2F703E3C646976206C6162656C2D6D6F64756C653D2270617261223E3C62723E32303137E5B9B431E69C883331E697A5EFBC8CE7BE8EE59BBDE59296E595A1E8BF9EE99481E5B7A8E5A4B43C61207461726765743D225F626C616E6B2220687265663D2268747470733A2F2F6261696B652E62616964752E636F6D2F6974656D2F254536253938253946254535254237254234254535253835253842223EE6989FE5B7B4E5858B3C2F613EE59CA8E8AFA5E585ACE58FB8E79A84E7A7BBE58AA8E5BA94E794A84D7920537461726275636B73E9878CE68EA8E587BAE4BA86E4B880E9A1B9E696B0E79A84E8AFADE99FB3E58AA9E6898BE58A9FE883BDEFBC8CE696B9E4BEBFE794A8E688B7E9809AE8BF87E8AFADE99FB3E782B9E58D95E5928CE694AFE4BB98E380823C7375703E266E6273703B5B315D3C2F7375703E3C61206E616D653D227265665F5B315D5F35303630373430223E266E6273703B3C2F613E3C2F6469763E3C646976206C6162656C2D6D6F64756C653D2270617261223E32303138E5B9B435E69C883239E697A5EFBC8CE6989FE5B7B4E5858BE585ACE58FB8E5AEA3E5B883E5B086E585B3E997ADE585A8E7BE8EE7BAA638303030E5AEB6E79BB4E890A5E5BA97E99DA2EFBC8CE5AFB93137E4B887E59198E5B7A5E8BF9BE8A18CE2809CE58F8DE7A78DE6978FE6ADA7E8A786E2809DE79A84E79BB8E585B3E59FB9E8AEADE380823C7375703E266E6273703B5B325D3C2F7375703E3C61206E616D653D227265665F5B325D5F35303630373430223E266E6273703B3C2F613E266E6273703B36E69C8834E697A5EFBC8CE6989FE5B7B4E5858BE5889BE5A78BE4BABAE585BCE891A3E4BA8BE4BC9AE689A7E8A18CE4B8BBE5B8ADE99C8DE58D8EE5BEB7C2B7E88892E5B094E88CA8E5AEA3E5B883E8BE9EE8818CE380823C7375703E266E6273703B5B335D3C2F7375703E3C61206E616D653D227265665F5B335D5F35303630373430223E266E6273703B3C2F613E3C2F6469763E3C646976206C6162656C2D6D6F64756C653D2270617261223E32303138E5B9B4E7ACACE4B889E5ADA3E68AA5EFBC88E688AAE887B332303138E5B9B437E69C8831E697A5EFBC89E8B4A2E68AA5E698BEE7A4BAEFBC8CE6989FE5B7B4E5858BE694B6E585A5E5928CE8BF90E890A5E694B6E585A5E5908CE6AF94E4B88AE6B6A8343625E5928C3525EFBC8CE890A5E8BF90E588A9E6B6A6E78E87E4B88BE9998D372E36E4B8AAE799BEE58886E782B9E887B3313925E380823C7375703E266E6273703B5B345D3C2F7375703E3C61206E616D653D227265665F5B345D5F35303630373430223E266E6273703B3C2F613E3C2F6469763E3C646976206C6162656C2D6D6F64756C653D2270617261223E32303138E5B9B438E69C883238E697A5EFBC8CE6989FE5B7B4E5858BE99BB6E594AEE59296E595A1E4B89AE58AA1E8A2ABE99B80E5B7A2E4BBA537312E35E4BABFE7BE8EE58583E694B6E8B4ADE380823C7375703E266E6273703B5B355D3C2F7375703E3C61206E616D653D227265665F5B355D5F35303630373430223E266E6273703B3C2F613E266E6273703B39E69C883139E697A5E8B5B7EFBC8CE6989FE5B7B4E5858BE8AF95E8BF90E890A5E5A496E58D96E59296E595A1E380823C7375703E266E6273703B5B365D3C2F7375703E3C61206E616D653D227265665F5B365D5F35303630373430223E266E6273703B3C2F613E3C2F6469763E3C646976206C6162656C2D6D6F64756C653D2270617261223E32303138E5B9B43132E69C88EFBC8CE4B896E7958CE59381E7898CE5AE9EE9AA8CE5AEA4E7BC96E588B6E79A84E3808A3C61207461726765743D225F626C616E6B2220687265663D2268747470733A2F2F6261696B652E62616964752E636F6D2F6974656D2F323031382545342542382539362545372539352538432545352539332538312545372538392538433530302545352542432542412F3233323135343539223E32303138E4B896E7958CE59381E7898C353030E5BCBA3C2F613EE3808BE68FADE69993EFBC8CE6989FE5B7B4E5858BE68E92E5908DE7ACAC33323C7375703E266E6273703B5B375D3C2F7375703E3C61206E616D653D227265665F5B375D5F35303630373430223E266E6273703B3C2F613E266E6273703BE380823C2F6469763E, '113.704718', '34.745776', '1', '2019-04-13 21:08:02', '0', '2');
INSERT INTO `r_info` VALUES ('39', '太阳', 0x3C646976206C6162656C2D6D6F64756C653D2270617261223EE5A4AAE998B3E698AF3C61207461726765743D225F626C616E6B2220687265663D2268747470733A2F2F6261696B652E62616964752E636F6D2F6974656D2F2545352541342541412545392539382542332545372542332542422F313733323831223EE5A4AAE998B3E7B3BB3C2F613EE79A84E4B8ADE5BF83E5A4A9E4BD93EFBC8CE58DA0E69C89E5A4AAE998B3E7B3BBE680BBE4BD93E8B4A8E9878FE79A8439392E383625E380823C61207461726765743D225F626C616E6B2220687265663D2268747470733A2F2F6261696B652E62616964752E636F6D2F6974656D2F2545352541342541412545392539382542332545372542332542422F313733323831223EE5A4AAE998B3E7B3BB3C2F613EE4B8ADE79A843C61207461726765743D225F626C616E6B2220687265663D2268747470733A2F2F6261696B652E62616964752E636F6D2F6974656D2F2545352538352541422545352541342541372545382541312538432545362539382539462F37393930363732223EE585ABE5A4A7E8A18CE6989F3C2F613EE380813C61207461726765743D225F626C616E6B2220687265663D2268747470733A2F2F6261696B652E62616964752E636F6D2F6974656D2F2545352542302538462545382541312538432545362539382539462F3638393032223EE5B08FE8A18CE6989F3C2F613EE380813C61207461726765743D225F626C616E6B2220687265663D2268747470733A2F2F6261696B652E62616964752E636F6D2F6974656D2F2545362542352538312545362539382539462F3335363636223EE6B581E6989F3C2F613EE380813C61207461726765743D225F626C616E6B2220687265663D2268747470733A2F2F6261696B652E62616964752E636F6D2F6974656D2F2545352542442539372545362539382539462F3232373034223EE5BD97E6989F3C2F613EE380813C61207461726765743D225F626C616E6B2220687265663D2268747470733A2F2F6261696B652E62616964752E636F6D2F6974656D2F2545352541342539362545362542352542372545372538452538422545362539382539462545352541342541392545342542442539332F39343234373430223EE5A496E6B5B7E78E8BE6989FE5A4A9E4BD933C2F613EE4BBA5E58F8A3C61207461726765743D225F626C616E6B2220687265663D2268747470733A2F2F6261696B652E62616964752E636F6D2F6974656D2F2545362539382539462545392539392538352545352542302539382545352539462538332F39343933373531223EE6989FE99985E5B098E59F833C2F613EE7AD89EFBC8CE983BDE59BB4E7BB95E79D80E5A4AAE998B3E585ACE8BDACEFBC8CE8808CE5A4AAE998B3E58899E59BB4E7BB95E79D803C61207461726765743D225F626C616E6B2220687265663D2268747470733A2F2F6261696B652E62616964752E636F6D2F6974656D2F2545392539332542362545362542322542332545372542332542422F313839373935223EE993B6E6B2B3E7B3BB3C2F613EE79A84E4B8ADE5BF83E585ACE8BDACE380823C2F6469763E3C70207374796C653D22746578742D616C69676E3A2063656E7465723B223E3C696D67207372633D2268747470733A2F2F677373332E62647374617469632E636F6D2F2D506F33645361675F7849346B68476B706F574B314846366868792F6261696B652F7725334432363825334267253344302F7369676E3D35373236336536643266326562393338656336643764663465643539653230382F333831326233316262303531663831393835643933656336646162343461656432663733653762392E6A706722207374796C653D226D61782D77696474683A313030253B223E3C62723E3C2F703E3C646976206C6162656C2D6D6F64756C653D2270617261223EE5A4AAE998B3E698AFE4BD8DE4BA8E3C61207461726765743D225F626C616E6B2220687265663D2268747470733A2F2F6261696B652E62616964752E636F6D2F6974656D2F254535254134254141254539253938254233254537254233254242223EE5A4AAE998B3E7B3BB3C2F613EE4B8ADE5BF83E79A843C61207461726765743D225F626C616E6B2220687265663D2268747470733A2F2F6261696B652E62616964752E636F6D2F6974656D2F2545362538312539322545362539382539462F343933223EE68192E6989F3C2F613EEFBC8CE5AE83E587A0E4B98EE698AFE783AD3C61207461726765743D225F626C616E6B2220687265663D2268747470733A2F2F6261696B652E62616964752E636F6D2F6974656D2F2545372541442538392545372541362542422545352541442539302545342542442539332F313036393230223EE7AD89E7A6BBE5AD90E4BD933C2F613EE4B88E3C61207461726765743D225F626C616E6B2220687265663D2268747470733A2F2F6261696B652E62616964752E636F6D2F6974656D2F2545372541332538312545352539432542412F3633353035223EE7A381E59CBA3C2F613EE4BAA4E7BB87E79D80E79A84E4B880E4B8AAE79086E683B3E79083E4BD93E38082E5A4AAE998B3E79BB4E5BE84E5A4A7E7BAA6E698AF31333932303030EFBC88312E333932C3973130E281B6EFBC89E58D83E7B1B3EFBC8CE79BB8E5BD93E4BA8EE59CB0E79083E79BB4E5BE84E79A84313039E5808DEFBC9BE4BD93E7A7AFE5A4A7E7BAA6E698AFE59CB0E79083E79A84313330E4B887E5808DEFBC9BE585B6E8B4A8E9878FE5A4A7E7BAA6E698AF32C3973130C2B3E281B0E58D83E5858BEFBC88E59CB0E79083E79A84333330303030E5808DEFBC89E38082E4BB8EE58C96E5ADA6E7BB84E68890E69DA5E79C8BEFBC8CE78EB0E59CA8E5A4AAE998B3E8B4A8E9878FE79A84E5A4A7E7BAA6E59B9BE58886E4B98BE4B889E698AF3C61207461726765743D225F626C616E6B2220687265663D2268747470733A2F2F6261696B652E62616964752E636F6D2F6974656D2F2545362542302541322F363432303331223EE6B0A23C2F613EEFBC8CE589A9E4B88BE79A84E587A0E4B98EE983BDE698AF3C61207461726765743D225F626C616E6B2220687265663D2268747470733A2F2F6261696B652E62616964752E636F6D2F6974656D2F2545362542302541362F343030313731223EE6B0A63C2F613EEFBC8CE58C85E68BAC3C61207461726765743D225F626C616E6B2220687265663D2268747470733A2F2F6261696B652E62616964752E636F6D2F6974656D2F2545362542302541372F3833373635223EE6B0A73C2F613EE380813C61207461726765743D225F626C616E6B2220687265663D2268747470733A2F2F6261696B652E62616964752E636F6D2F6974656D2F254537254132254233223EE7A2B33C2F613EE380813C61207461726765743D225F626C616E6B2220687265663D2268747470733A2F2F6261696B652E62616964752E636F6D2F6974656D2F2545362542302539362F333330353439223EE6B0963C2F613EE380813C61207461726765743D225F626C616E6B2220687265663D2268747470733A2F2F6261696B652E62616964752E636F6D2F6974656D2F2545392539332538312F3239353836223EE993813C2F613EE5928CE585B6E4BB96E79A84E9878DE58583E7B4A0E8B4A8E9878FE5B091E4BA8E3225EFBC8CE98787E794A83C61207461726765743D225F626C616E6B2220687265663D2268747470733A2F2F6261696B652E62616964752E636F6D2F6974656D2F2545362541302542382545382538312539412545352538462539382F343236333735223EE6A0B8E8819AE58F983C2F613EE79A84E696B9E5BC8FE59091E5A4AAE7A9BAE9878AE694BEE58589E5928CE783ADE380823C2F6469763E3C646976206C6162656C2D6D6F64756C653D2270617261223EE5A4AAE998B3E79BAEE5898DE6ADA3E59CA8E7A9BFE8B68AE993B6E6B2B3E7B3BBE58685E983A8E8BEB9E7BC983C61207461726765743D225F626C616E6B2220687265663D2268747470733A2F2F6261696B652E62616964752E636F6D2F6974656D2F2545372538432538452545362538382542372545382538372538322F3130343735363038223EE78C8EE688B7E887823C2F613EE79A84E69CACE59CB0E6B3A1E58CBAE4B8ADE79A843C61207461726765743D225F626C616E6B2220687265663D2268747470733A2F2F6261696B652E62616964752E636F6D2F6974656D2F2545362539432541432545362539382539462545392539392538352545342542412539312F33303230373236223EE69CACE6989FE99985E4BA913C2F613EE38082E59CA8E8B79DE7A6BBE59CB0E790833137E58589E5B9B4E79A84E8B79DE7A6BBE58685E69C893530E9A297E69C80E982BBE8BF91E79A84E68192E6989FE7B3BBEFBC88E4B88EE5A4AAE998B3E8B79DE7A6BBE69C80E8BF91E79A84E68192E6989FE698AFE7A7B0E4BD9C3C61207461726765743D225F626C616E6B2220687265663D2268747470733A2F2F6261696B652E62616964752E636F6D2F6974656D2F2545362541462539342545392538322542422545362539382539462F32363437363930223EE6AF94E982BBE6989F3C2F613EE79A843C61207461726765743D225F626C616E6B2220687265663D2268747470733A2F2F6261696B652E62616964752E636F6D2F6974656D2F2545372542412541322545372539462541452545362539382539462F34383832343532223EE7BAA2E79FAEE6989F3C2F613EEFBC8CE5A4A7E7BAA6342E32E58589E5B9B4EFBC89E380823C2F6469763E3C646976206C6162656C2D6D6F64756C653D2270617261223EE5A4AAE998B3E698AFE4B880E9A2973C61207461726765743D225F626C616E6B2220687265663D2268747470733A2F2F6261696B652E62616964752E636F6D2F6974656D2F2545392542422538342545372539462541452545362539382539462F36363436383134223EE9BB84E79FAEE6989F3C2F613EEFBC883C61207461726765743D225F626C616E6B2220687265663D2268747470733A2F2F6261696B652E62616964752E636F6D2F6974656D2F2545352538352538392545382542302542312F373537343734223EE58589E8B0B13C2F613EE4B8BA473256EFBC89EFBC8C3C61207461726765743D225F626C616E6B2220687265663D2268747470733A2F2F6261696B652E62616964752E636F6D2F6974656D2F2545392542422538342545372539462541452545362539382539462F36363436383134223EE9BB84E79FAEE6989F3C2F613EE79A84E5AFBFE591BDE5A4A7E887B4E4B8BA313030E4BABFE5B9B4EFBC8CE79BAEE5898DE5A4AAE998B3E5A4A7E7BAA634352E37E4BABFE5B281E3808220E59CA8E5A4A7E7BAA63530E887B33630E4BABFE5B9B4E4B98BE5908EEFBC8CE5A4AAE998B3E58685E983A8E79A84E6B0A2E58583E7B4A0E587A0E4B98EE4BC9AE585A8E983A8E6B688E88097E5B0BDEFBC8CE5A4AAE998B3E79A84E6A0B8E5BF83E5B086E58F91E7949F3C61207461726765743D225F626C616E6B2220687265663D2268747470733A2F2F6261696B652E62616964752E636F6D2F6974656D2F2545352539442538442545372542432541392F36323539323039223EE59D8DE7BCA93C2F613EEFBC8CE5AFBCE887B4E6B8A9E5BAA6E4B88AE58D87EFBC8CE8BF99E4B880E8BF87E7A88BE5B086E4B880E79BB4E68C81E7BBADE588B0E5A4AAE998B3E5BC80E5A78BE68A8AE6B0A6E58583E7B4A0E8819AE58F98E688903C61207461726765743D225F626C616E6B2220687265663D2268747470733A2F2F6261696B652E62616964752E636F6D2F6974656D2F2545372541322542332545352538352538332545372542342541302F31383731393730223EE7A2B3E58583E7B4A03C2F613EE38082E899BDE784B6E6B0A6E8819AE58F98E4BAA7E7949FE79A84E883BDE9878FE6AF94E6B0A2E8819AE58F98E4BAA7E7949FE79A84E883BDE9878FE5B091EFBC8CE4BD86E6B8A9E5BAA6E4B99FE69BB4E9AB98EFBC8CE59BA0E6ADA4E5A4AAE998B3E79A84E5A496E5B182E5B086E886A8E88380EFBC8CE5B9B6E4B894E68A8AE4B880E983A8E58886E5A496E5B182E5A4A7E6B094E9878AE694BEE588B0E5A4AAE7A9BAE4B8ADE38082E5BD93E8BDACE59091E696B0E58583E7B4A0E79A84E8BF87E7A88BE7BB93E69D9FE697B6EFBC8CE5A4AAE998B3E79A84E8B4A8E9878FE5B086E7A88DE5BEAEE4B88BE9998DEFBC8CE5A496E5B182E5B086E5BBB6E4BCB8E588B0E59CB0E79083E68896E88085E781ABE6989FE79BAEE5898DE8BF90E8A18CE79A84E8BDA8E98193E5A484EFBC88E8BF99E697B6E794B1E4BA8E3C61207461726765743D225F626C616E6B2220687265663D2268747470733A2F2F6261696B652E62616964752E636F6D2F6974656D2F2545352541342541412545392539382542332545382542342541382545392538372538462F36343031333438223EE5A4AAE998B3E8B4A8E9878F3C2F613EE79A84E4B88BE9998DEFBC8CE8BF99E4B8A4E9A297E8A18CE6989FE5B086E4BC9AE7A6BBE5A4AAE998B3E69BB4E8BF9CEFBC89E380823C2F6469763E, '113.715816', '34.66364', '1', '2019-04-13 21:09:16', '0', '2');
INSERT INTO `r_info` VALUES ('40', '测试数据', 0x3C703E3C7374726F6E673EE69BB4E696B0E697B6E997B4EFBC9A323031372D372D31302031303A33353A32303C2F7374726F6E673E3C2F703E3C703E3C7374726F6E673EE69BB4E696B0E8AFB4E6988EEFBC9AE78988E69CACE69BB4E696B0E588B0266E6273703B332E352E313C2F7374726F6E673E3C2F703E3C68723E3C703E416E696D6174652E637373E698AFE4B880E4B8AAE69C89E8B6A3E79A84EFBC8CE8B7A8E6B58FE8A788E599A8E79A8463737333E58AA8E794BBE5BA93E38082E5BE88E580BCE5BE97E68891E4BBACE59CA8E9A1B9E79BAEE4B8ADE5BC95E794A8E380823C2F703E3C703E3C7374726F6E673EE794A8E6B3953C2F7374726F6E673E3C2F703E, '113.720404', '34.682121', '1', '2019-04-19 18:22:28', '0', '5');
INSERT INTO `r_info` VALUES ('41', '临时借一把雨伞，谢谢！', 0x3C703EE5A496E587BAE7AA81E98187E4B88BE99BA8EFBC8CE4B8B4E697B6E5809FE4BC9EE38082E6898BE69CBAE58FB7EFBC9A31303038363C2F703E, '113.46194', '34.81226', '1', '2019-06-10 10:11:35', '0', '1');
INSERT INTO `r_info` VALUES ('42', '谁能帮我兑换零钱？', 0x3C703EE69C8933E5BCA0313030E78EB0E98791EFBC8CE5B88CE69C9BE58591E68DA2E688903130E59D97EFBC8CE8B0A2E8B0A2EFBC8CE6898BE69CBAEFBC9A31303038363C2F703E, '113.472239', '34.788579', '1', '2019-06-10 10:12:44', '0', '1');
INSERT INTO `r_info` VALUES ('43', '有偿帮你寄养宠物，解决旅行问题', 0x3C703EE69C89E581BFE5B8AEE4BDA0E5AF84E585BBE5AEA0E789A9EFBC8CE8A7A3E586B3E69785E8A18CE997AEE9A2983C2F703E, '113.508632', '34.880446', '1', '2019-06-10 10:13:31', '0', '1');
INSERT INTO `r_info` VALUES ('44', '河南烩面新店开业，买一送一！', 0x3C703EE6B2B3E58D97E783A9E99DA2E696B0E5BA97E5BC80E4B89AEFBC8CE4B9B0E4B880E98081E4B880EFBC813C2F703E, '113.415935', '34.785195', '3', '2019-06-10 10:14:13', '0', '1');
INSERT INTO `r_info` VALUES ('45', '货车卸货，急需两名临时工', 0x3C703E3C7370616E207374796C653D22666F6E742D7765696768743A20626F6C643B223EE69CACE4BABA585858E5BA97E4B8BBEFBC8CE59BA0E6988EE697A5E4B88BE58D88EFBC8832393939E5B9B436E69C883139E697A5EFBC89E69C89E4B880E689B9E794B5E58AA8E887AAE8A18CE8BDA6E588B0E5BA97EFBC8CE680A5E99C80E4B8A4E5908DE58DB8E8B4A7E5B888E58285E380823C2F7370616E3E3C2F703E3C703E3C7370616E207374796C653D22666F6E742D7765696768743A20626F6C643B223EE69C89E6848FE88085E8AFB7E88194E7B3BBE6898BE69CBAEFBC9A313030303030303030E380823C2F7370616E3E3C2F703E3C703E3C7370616E207374796C653D22666F6E742D7765696768743A20626F6C643B223EE896AAE8B584EFBC9A3C7370616E207374796C653D226261636B67726F756E642D636F6C6F723A20726762283233382C203233362C20323234293B20636F6C6F723A20726762283139342C2037392C203734293B223E323030E58583E6AF8FE4BABA3C2F7370616E3E3C2F7370616E3E3C2F703E3C703E3C7370616E207374796C653D22666F6E742D7765696768743A20626F6C643B223EE59CB0E59D80EFBC9AE98391E5B79EE5B8825858E58CBA58585858E8B7AF5858E58FB7585858E5BA97E993BA3C2F7370616E3E3C2F703E3C703E3C696D67207372633D22687474703A2F2F7777772E71716464632E636F6D2F66696C6555706C6F61642F70726F64756374732F32303139303531373136313830343632313333353634312E6A706722207374796C653D226D61782D77696474683A313030253B223E3C7370616E207374796C653D22666F6E742D7765696768743A20626F6C643B223E3C62723E3C2F7370616E3E3C2F703E, '113.478395', '34.77191', '1', '2019-06-10 10:24:44', '0', '1');
INSERT INTO `r_info` VALUES ('46', '求助，帮我兑换零钱。谢谢', 0x3C68313E3C7370616E207374796C653D22666F6E742D7765696768743A20626F6C643B20636F6C6F723A20726762283139342C2037392C203734293B223EE6B182E58AA9EFBC8CE5B8AEE68891E58591E68DA2E99BB6E992B1E38082E8B0A2E8B0A23C2F7370616E3E3C696D67207372633D22687474703A2F2F696D672E742E73696E616A732E636E2F74342F6170707374796C652F65787072657373696F6E2F6578742F6E6F726D616C2F33632F70636D6F72656E5F77755F6F72672E706E672220616C743D225BE6B1A15D2220646174612D772D653D223122207374796C653D22666F6E742D73697A653A20313670783B223E3C2F68313E, '113.510206', '34.810775', '1', '2019-06-12 14:51:28', '0', '1');
INSERT INTO `r_info` VALUES ('47', '信息', 0x3C70207374796C653D22746578742D616C69676E3A2063656E7465723B223E3C7370616E207374796C653D22636F6C6F723A20726762283139342C2037392C203734293B223EE4BFA1E681AF3C2F7370616E3E3C2F703E, '113.509286', '34.81226', '2', '2019-06-12 15:10:04', '0', '1');

-- ----------------------------
-- Table structure for r_info_type
-- ----------------------------
DROP TABLE IF EXISTS `r_info_type`;
CREATE TABLE `r_info_type` (
  `id` bigint(20) NOT NULL AUTO_INCREMENT,
  `type_name` varchar(255) DEFAULT NULL,
  PRIMARY KEY (`id`)
) ENGINE=InnoDB AUTO_INCREMENT=5 DEFAULT CHARSET=utf8;

-- ----------------------------
-- Records of r_info_type
-- ----------------------------
INSERT INTO `r_info_type` VALUES ('0', '全部');
INSERT INTO `r_info_type` VALUES ('1', '求助');
INSERT INTO `r_info_type` VALUES ('2', '娱乐');
INSERT INTO `r_info_type` VALUES ('3', '美食');
INSERT INTO `r_info_type` VALUES ('4', '援助');

-- ----------------------------
-- Table structure for r_report
-- ----------------------------
DROP TABLE IF EXISTS `r_report`;
CREATE TABLE `r_report` (
  `id` bigint(20) NOT NULL AUTO_INCREMENT,
  `user_id` bigint(20) DEFAULT NULL,
  `report_detail` varchar(255) DEFAULT NULL,
  `info_id` bigint(20) DEFAULT NULL,
  `create_date` timestamp NULL DEFAULT NULL ON UPDATE CURRENT_TIMESTAMP,
  `is_deal` int(11) DEFAULT NULL COMMENT '0:未处理，1：已处理',
  PRIMARY KEY (`id`)
) ENGINE=InnoDB AUTO_INCREMENT=10 DEFAULT CHARSET=utf8;

-- ----------------------------
-- Records of r_report
-- ----------------------------
INSERT INTO `r_report` VALUES ('2', '2', '虚假信息', '40', '2019-05-08 13:36:11', '1');
INSERT INTO `r_report` VALUES ('6', '1', '测试数据', '40', '2019-05-25 15:17:02', '1');
INSERT INTO `r_report` VALUES ('7', '1', '违规', '40', '2019-06-12 14:52:49', '1');
INSERT INTO `r_report` VALUES ('8', '1', '违规信息', '40', '2019-06-12 15:11:18', '1');
INSERT INTO `r_report` VALUES ('9', '1', '举报违规', '40', '2019-06-11 21:06:31', '0');

-- ----------------------------
-- Table structure for r_role
-- ----------------------------
DROP TABLE IF EXISTS `r_role`;
CREATE TABLE `r_role` (
  `id` bigint(20) NOT NULL AUTO_INCREMENT,
  `role_name` varchar(255) DEFAULT NULL,
  `level` int(20) DEFAULT NULL,
  PRIMARY KEY (`id`)
) ENGINE=InnoDB AUTO_INCREMENT=3 DEFAULT CHARSET=utf8;

-- ----------------------------
-- Records of r_role
-- ----------------------------
INSERT INTO `r_role` VALUES ('1', '管理员', '1');
INSERT INTO `r_role` VALUES ('2', '用户', '10');

-- ----------------------------
-- Table structure for r_subscription
-- ----------------------------
DROP TABLE IF EXISTS `r_subscription`;
CREATE TABLE `r_subscription` (
  `id` bigint(20) NOT NULL AUTO_INCREMENT,
  `user_id` bigint(20) DEFAULT NULL,
  `info_id` bigint(20) DEFAULT NULL,
  `status` int(11) DEFAULT NULL COMMENT '1:订阅中；2：已完成',
  `create_date` datetime DEFAULT NULL,
  PRIMARY KEY (`id`)
) ENGINE=InnoDB AUTO_INCREMENT=11 DEFAULT CHARSET=utf8;

-- ----------------------------
-- Records of r_subscription
-- ----------------------------
INSERT INTO `r_subscription` VALUES ('2', '3', '2', '1', '2019-04-01 13:51:45');
INSERT INTO `r_subscription` VALUES ('3', '2', '16', '1', '2019-04-08 14:01:24');
INSERT INTO `r_subscription` VALUES ('4', '2', '16', '1', '2019-04-14 13:00:53');
INSERT INTO `r_subscription` VALUES ('5', '5', '31', '1', '2019-04-19 18:58:34');
INSERT INTO `r_subscription` VALUES ('7', '5', '30', '1', '2019-04-19 18:59:25');
INSERT INTO `r_subscription` VALUES ('8', '5', '39', '1', '2019-04-19 19:06:12');
INSERT INTO `r_subscription` VALUES ('9', '5', '39', '1', '2019-04-19 19:07:40');
INSERT INTO `r_subscription` VALUES ('10', '1', '45', '1', '2019-06-11 21:03:58');

-- ----------------------------
-- Table structure for r_user
-- ----------------------------
DROP TABLE IF EXISTS `r_user`;
CREATE TABLE `r_user` (
  `id` bigint(20) NOT NULL AUTO_INCREMENT,
  `username` varchar(255) DEFAULT NULL,
  `password` varchar(255) DEFAULT NULL,
  `real_name` varchar(255) DEFAULT NULL,
  `role_id` bigint(20) DEFAULT NULL,
  `gender` varchar(255) DEFAULT '1' COMMENT '1:保密；2：男；3：女',
  `phonenum` varchar(255) DEFAULT '10086' COMMENT '手机号码',
  `email` varchar(255) DEFAULT '10086@qq.com' COMMENT '邮箱',
  PRIMARY KEY (`id`)
) ENGINE=InnoDB AUTO_INCREMENT=8 DEFAULT CHARSET=utf8;

-- ----------------------------
-- Records of r_user
-- ----------------------------
INSERT INTO `r_user` VALUES ('1', 'admin', 'admin', '管理员', '1', '1', '18812341234', '10086@qq.com');
INSERT INTO `r_user` VALUES ('2', 'yxb', 'yxb', '杨小波', '2', '2', '13283829541', '939441230@qq.com');
INSERT INTO `r_user` VALUES ('3', 'cyh', 'cyh', '楚英韩', '2', '3', '18838928622', '1927652175@qq.com');
INSERT INTO `r_user` VALUES ('4', 'user2', 'user', '用户2', '2', '1', '10086', '10086@qq.com');
INSERT INTO `r_user` VALUES ('5', 'user3', 'user', '用户3', '2', '3', '19809097290', '10086@qq.com');
INSERT INTO `r_user` VALUES ('6', 'user4', 'user', '用户4', '2', '3', '10086', '10086@qq.com');
INSERT INTO `r_user` VALUES ('7', 'user5', 'user', '用户5', '2', '1', '10086', '10086@qq.com');
